{"cameraMode":{"drawMode":0,"name":"Shaded","section":"Shading Mode"},"sceneLighting":true,"audioPlay":false,"sceneViewState":{"m_AlwaysRefresh":false,"showFog":true,"showSkybox":true,"showFlares":true,"showImageEffects":true,"showParticleSystems":true,"showVisualEffectGraphs":true,"m_FxEnabled":true},"in2DMode":false,"pivot":{"x":503.8273010253906,"y":223.1608123779297,"z":110.85906982421875},"rotation":{"x":0.010809328407049179,"y":-0.0011893311748281122,"z":0.000009217354090651497,"w":0.9999495148658752},"size":369.14556884765627,"orthographic":false}